<?xml version="1.0"?>
<data grt_format="2.0">
  <value _ptr_="00000000222A8580" type="list" content-type="object" content-struct-name="db.mgmt.Connection">
    <value type="object" struct-name="db.mgmt.Connection" id="{15A54D02-5691-4BD0-BE30-160B6423B569}" struct-checksum="0x96ba47d8">
      <link type="object" struct-name="db.mgmt.Driver" key="driver">com.mysql.rdbms.mysql.driver.native</link>
      <value type="string" key="hostIdentifier">Mysql@localhost:3306</value>
      <value type="int" key="isDefault">1</value>
      <value _ptr_="00000000246361C0" type="dict" key="modules"/>
      <value _ptr_="0000000024778850" type="dict" key="parameterValues">
        <value type="string" key=""></value>
        <value type="string" key="DbSqlEditor:LastDefaultSchema">phonebook</value>
        <value type="int" key="OPT_READ_TIMEOUT">300</value>
        <value type="string" key="SQL_MODE"></value>
        <value type="string" key="hostName">localhost</value>
        <value type="int" key="lastConnected">1541451901</value>
        <value type="string" key="password"></value>
        <value type="int" key="port">3306</value>
        <value type="string" key="schema"></value>
        <value type="string" key="serverVersion">8.0.12</value>
        <value type="string" key="sslCA"></value>
        <value type="string" key="sslCert"></value>
        <value type="string" key="sslCipher"></value>
        <value type="string" key="sslKey"></value>
        <value type="int" key="useSSL">1</value>
        <value type="string" key="userName">root</value>
      </value>
      <value type="string" key="name">Local instance MySQL Router</value>
      <link type="object" struct-name="GrtObject" key="owner">{F76BFB6C-9F0A-48F9-A311-6D5AE8641C69}</link>
    </value>
  </value>
</data>
