<?xml version="1.0"?>
<data grt_format="2.0">
  <value _ptr_="0000024549EE5330" type="list" content-type="object" content-struct-name="db.mgmt.ServerInstance">
    <value type="object" struct-name="db.mgmt.ServerInstance" id="{DB640812-7B13-43E7-9FFA-1787029BE2C9}" struct-checksum="0x367436e2">
      <link type="object" struct-name="db.mgmt.Connection" key="connection">{15A54D02-5691-4BD0-BE30-160B6423B569}</link>
      <value _ptr_="000002454EB250E0" type="dict" key="loginInfo">
        <value type="string" key="wmi.hostName"></value>
        <value type="string" key="wmi.userName"></value>
      </value>
      <value _ptr_="000002454EB24720" type="dict" key="serverInfo">
        <value type="string" key="basedir">C:\Program Files\MySQL\MySQL Server 8.0\</value>
        <value type="string" key="datadir">C:\ProgramData\MySQL\MySQL Server 8.0\Data\</value>
        <value type="string" key="errorLogFilePath">DESKTOP-ATQUBLR.err</value>
        <value type="string" key="generalLogFilePath">DESKTOP-ATQUBLR.log</value>
        <value type="string" key="serverVersion">8.0.12</value>
        <value type="int" key="setupPending">0</value>
        <value type="int" key="slowLogEnabled">1</value>
        <value type="string" key="slowLogFilePath">DESKTOP-ATQUBLR-slow.log</value>
        <value type="string" key="sys.config.path"></value>
        <value type="string" key="sys.config.section">mysqld</value>
        <value type="string" key="sys.mysqld.service_name">MySQLRouter</value>
        <value type="string" key="sys.preset">Custom</value>
        <value type="string" key="sys.sudo"></value>
        <value type="string" key="sys.system">Windows</value>
        <value type="int" key="windowsAdmin">1</value>
      </value>
      <value type="string" key="name">Local MySQL Router</value>
    </value>
  </value>
</data>
